alpha,beta,lr_0,n,n_iter,random_state,runtime,seed,val_acc,val_nll,test_acc,test_nll
0.00758947976208385,0.0006780776932355295,0.0023886297077207034,10000.0,0.0,1001.0,2079.274697780609,0.0,0.9319999814033508,0.2463267602920532,0.9392000436782836,0.2147575982093811
1.1021585497520294e-06,1e-06,0.1,10000.0,1.0,1001.0,6055.884248971939,0.0,0.9300000071525574,0.3591372771263122,0.9392000436782836,0.2147575982093811
0.0027750032467908623,0.001468262531869239,0.0006554314075351064,10000.0,2.0,1001.0,7919.535531282425,0.0,0.9194999933242798,0.2240031840801239,0.9282999634742736,0.2171717646121979
0.000137927517063653,0.01,0.0007411307554371281,10000.0,3.0,1001.0,9832.100754976273,0.0,0.9209999442100524,0.2201094880104065,0.9308999180793762,0.2105028934001922
0.01,0.01,0.0001,10000.0,4.0,1001.0,11791.489254713058,0.0,0.8089999556541443,0.8361779565811157,0.9308999180793762,0.2105028934001922
2.6517612118098244e-05,1.0239990938397078e-05,0.0010927119679815071,10000.0,5.0,1001.0,13706.589502334595,0.0,0.9284999370574952,0.220022518157959,0.9362000226974488,0.1988734043121338
0.01,0.01,0.0011218944292242746,10000.0,6.0,1001.0,16020.608328819275,0.0,0.9269999265670776,0.2152782793045043,0.936799943447113,0.1986912116050719
0.004653219291303332,8.891071830028077e-06,0.01378944122390666,10000.0,7.0,1001.0,17975.525612831116,0.0,0.937999963760376,0.2412491447925567,0.936799943447113,0.1986912116050719
1e-06,0.01,0.008176420555975263,10000.0,8.0,1001.0,19839.662751674652,0.0,0.940500020980835,0.1923659877777099,0.9477999210357666,0.1855570261478423
1e-06,1e-06,0.006927741949791331,10000.0,9.0,1001.0,21946.40484023094,0.0,0.9409999847412108,0.2393302233219146,0.9477999210357666,0.1855570261478423
0.01,0.01,0.007894222550225956,10000.0,10.0,1001.0,24071.237713336945,0.0,0.9375,0.2280507867336273,0.9477999210357666,0.1855570261478423
1e-06,0.01,0.016164468685998273,10000.0,11.0,1001.0,26159.386290073395,0.0,0.9495000243186952,0.1658138349056244,0.9526000022888184,0.1699109365701674
1.7547413041177135e-06,7.91075667332751e-06,0.0005043796336040412,10000.0,0.0,1001.0,1988.7961695194244,1.0,0.912500023841858,0.2534411544799805,0.9214999675750732,0.240668642950058
0.0034424767798646888,0.01,0.06409990349943775,10000.0,1.0,1001.0,6247.5878784656525,1.0,0.9484999775886536,0.1543433446884155,0.9545999765396118,0.1505224222302436
0.008463400565647436,0.005512774888287404,0.010742089973960284,10000.0,2.0,1001.0,8189.261480331421,1.0,0.9364999532699584,0.2192739372253418,0.9545999765396118,0.1505224222302436
0.01,0.01,0.1,10000.0,3.0,1001.0,10145.960582256317,1.0,0.9495000243186952,0.1714412813186645,0.9545999765396118,0.1505224222302436
0.0002300180918095681,0.01,0.06920397006555372,10000.0,4.0,1001.0,12146.404277801514,1.0,0.949999988079071,0.1552316982746124,0.9545999765396118,0.1505224222302436
3.074297662714852e-05,0.002195793973371667,0.05223488432496332,10000.0,5.0,1001.0,14139.839013814926,1.0,0.9490000605583192,0.1664816014766693,0.9545999765396118,0.1505224222302436
1.1982304709611654e-06,0.01,0.047518652772747826,10000.0,6.0,1001.0,16134.554783821106,1.0,0.9524999260902404,0.163665007352829,0.9545999765396118,0.1505224222302436
0.01,0.01,0.0001,10000.0,7.0,1001.0,18093.943283557892,1.0,0.8089999556541443,0.8361779565811157,0.9545999765396118,0.1505224222302436
0.01,2.1889631508750995e-06,0.009213219824443862,10000.0,8.0,1001.0,20363.020950317383,1.0,0.9294999837875366,0.2524409251213074,0.9545999765396118,0.1505224222302436
1e-06,1e-06,0.1,10000.0,9.0,1001.0,22253.29138326645,1.0,0.93149995803833,0.3158089184761047,0.9545999765396118,0.1505224222302436
1e-06,7.071325324902297e-05,0.010674018777888322,10000.0,10.0,1001.0,24350.096967220306,1.0,0.946999967098236,0.2286996264457702,0.9545999765396118,0.1505224222302436
0.01,0.01,0.04424240327400416,10000.0,11.0,1001.0,26225.764379024506,1.0,0.9464999437332152,0.1873677461147308,0.9545999765396118,0.1505224222302436
0.004679965619116805,2.4415231675522605e-06,0.01337376014945696,10000.0,0.0,1001.0,1954.6460406780243,2.0,0.9430000185966492,0.2185554847717285,0.9454999566078186,0.219551519203186
1e-06,0.008424264162555345,0.0001,10000.0,1.0,1001.0,5959.004247903824,2.0,0.809999942779541,0.8310557632446288,0.9454999566078186,0.219551519203186
0.008056265286613089,1.1132934991236001e-06,0.08001228718193909,10000.0,2.0,1001.0,8354.580845594406,2.0,0.9394999742507936,0.2134805624485015,0.9473999738693236,0.1993438116312027
0.01,0.0001859535512819756,0.1,10000.0,3.0,1001.0,10080.184489011765,2.0,0.9399998784065248,0.2129935503005981,0.9494999647140504,0.1919910485267639
0.01,4.868960812340822e-06,0.0001,10000.0,4.0,1001.0,12028.27893280983,2.0,0.8169999718666077,0.8266687936782837,0.9494999647140504,0.1919910485267639
1e-06,0.01,0.03888812865896142,10000.0,5.0,1001.0,14314.136216878891,2.0,0.9494999051094056,0.1678874630928039,0.9567000269889832,0.1533444334924221
0.01,0.01,0.03197336776460783,10000.0,6.0,1001.0,16312.983833312988,2.0,0.9435001015663148,0.185798350572586,0.9567000269889832,0.1533444334924221
1e-06,0.01,0.036465430155218206,10000.0,7.0,1001.0,18307.84417271614,2.0,0.949999988079071,0.1759735345840454,0.9567000269889832,0.1533444334924221
1e-06,1e-06,0.03608692067362646,10000.0,8.0,1001.0,20680.6778113842,2.0,0.9419999718666076,0.2817793693542481,0.9567000269889832,0.1533444334924221
7.610049713367379e-05,0.01,0.03713598459228532,10000.0,9.0,1001.0,22785.715342998505,2.0,0.9555000066757202,0.1595869262218475,0.9545000195503236,0.1537710606098175
1e-06,0.01,0.1,10000.0,10.0,1001.0,24862.801898241043,2.0,0.9369999766349792,0.1968075056076049,0.9545000195503236,0.1537710606098175
6.82661365433935e-05,0.01,0.033863098979792915,10000.0,11.0,1001.0,26820.851498365402,2.0,0.949999988079071,0.1646735401153564,0.9545000195503236,0.1537710606098175
1.3690924723771312e-06,1.4026874356562238e-05,0.020832665132000876,10000.0,0.0,1001.0,1962.6935968399048,3.0,0.9474999904632568,0.2219932384490967,0.9520999193191528,0.2363408018112182
0.0043704217449580165,0.01,0.0001,10000.0,1.0,1001.0,5977.281783103943,3.0,0.8090000152587891,0.8339413557052613,0.9520999193191528,0.2363408018112182
1.0588704378756652e-06,1.2388094911351036e-06,0.012291374325613386,10000.0,2.0,1001.0,7959.126791715622,3.0,0.940500020980835,0.2497715003490448,0.9520999193191528,0.2363408018112182
1.4153324830295872e-05,1e-06,0.1,10000.0,3.0,1001.0,9938.288915157318,3.0,0.9295000433921814,0.3632770562171936,0.9520999193191528,0.2363408018112182
1e-06,0.01,0.002854245047670881,10000.0,4.0,1001.0,11913.136807441711,3.0,0.9334999918937684,0.2166011018753051,0.9423999786376952,0.2018586114883423
1.104703781344019e-06,8.672536951365511e-05,0.0001,10000.0,5.0,1001.0,14035.09435915947,3.0,0.8075000047683716,0.8338917088508605,0.9423999786376952,0.2018586114883423
1e-06,0.01,0.011024568388120343,10000.0,6.0,1001.0,16086.951723575592,3.0,0.9440000653266908,0.1894610335826873,0.9487000107765198,0.1774063639640808
0.01,0.01,0.009148441880064376,10000.0,7.0,1001.0,18339.202333450317,3.0,0.9339998960494996,0.2189867308139801,0.9487000107765198,0.1774063639640808
1e-06,0.01,0.008482533041481144,10000.0,8.0,1001.0,20349.2656750679,3.0,0.9399999976158142,0.1946665921211242,0.9487000107765198,0.1774063639640808
1e-06,0.01,0.008047133887446737,10000.0,9.0,1001.0,22341.026940584183,3.0,0.940500020980835,0.1922554907798767,0.9487000107765198,0.1774063639640808
1e-06,0.01,0.023700295402938207,10000.0,10.0,1001.0,24474.96550154686,3.0,0.9484999775886536,0.1653066320419312,0.9524000287055968,0.1632031183958053
0.01,0.01,0.03339054831678569,10000.0,11.0,1001.0,26383.881412267685,3.0,0.9409999847412108,0.1917883157730102,0.9524000287055968,0.1632031183958053
8.099114510269596e-05,0.0008445374360730293,0.0001488233620888951,10000.0,0.0,1001.0,1947.9639253616333,4.0,0.8539999723434448,0.5809492187499999,0.8449000120162964,0.5803345236778257
0.01,1e-06,0.1,10000.0,1.0,1001.0,6257.074051618576,4.0,0.9380000233650208,0.2240500888824463,0.9454999566078186,0.2042917429447174
0.01,1.32352089447707e-05,0.1,10000.0,2.0,1001.0,8006.326522111893,4.0,0.9454999566078186,0.2112942974567413,0.9513000249862672,0.1872546744108199
0.0022461894774739705,0.003004860846453185,0.1,10000.0,3.0,1001.0,10050.381623744965,4.0,0.9555000066757202,0.1471004350185394,0.9535001516342164,0.1531499235153198
5.7890582139950085e-05,0.01,0.1,10000.0,4.0,1001.0,11977.971225738525,4.0,0.9430000185966492,0.1763056097030639,0.9535001516342164,0.1531499235153198
0.000927968039864846,0.01,0.028734198771173693,10000.0,5.0,1001.0,14096.69286441803,4.0,0.9530000686645508,0.1601243817806244,0.9535001516342164,0.1531499235153198
0.0007633155317427364,0.01,0.0905902913979244,10000.0,6.0,1001.0,16100.070968389511,4.0,0.95250004529953,0.1558163502216339,0.9535001516342164,0.1531499235153198
0.01,0.01,0.05406443601149061,10000.0,7.0,1001.0,18344.18351817131,4.0,0.9409999251365662,0.1930102880001068,0.9535001516342164,0.1531499235153198
0.00021264778393707462,6.326520903312492e-06,0.05671201241531454,10000.0,8.0,1001.0,20319.402415513992,4.0,0.9399999380111694,0.2667824363708496,0.9535001516342164,0.1531499235153198
0.0007150805623010399,0.01,0.1,10000.0,9.0,1001.0,22290.504768371582,4.0,0.95250004529953,0.1458032140731811,0.954200029373169,0.1450876242399215
0.0008112184388913943,0.01,0.011424274036674675,10000.0,10.0,1001.0,24281.516503095627,4.0,0.9399999976158142,0.2049580514430999,0.954200029373169,0.1450876242399215
0.0006827098004175054,0.01,0.1,10000.0,11.0,1001.0,26390.912493228912,4.0,0.950499951839447,0.1565224899053573,0.954200029373169,0.1450876242399215
0.00758947976208385,0.0006780776932355295,0.0023886297077207034,10000.0,0.0,2001.0,2224.457265853882,0.0,0.9300000071525574,0.2539767160415649,0.9404001235961914,0.2091343608856201
1.1021585497520294e-06,1e-06,0.1,10000.0,1.0,2001.0,6139.449706315994,0.0,0.9265000224113464,0.3970583767890929,0.9404001235961914,0.2091343608856201
0.003483897870238417,0.001489384153895965,0.0006391698974492647,10000.0,2.0,2001.0,8221.781975746155,0.0,0.9270000457763672,0.2264303395748138,0.9293999075889589,0.2132134566545486
0.0002062571545395909,0.01,0.0005131657184232008,10000.0,3.0,2001.0,10184.59762763977,0.0,0.9174998998641968,0.2544023809432983,0.9293999075889589,0.2132134566545486
0.01,0.00027605659820604725,0.0001,10000.0,4.0,2001.0,12144.274648666382,0.0,0.7994999885559082,0.8501533617973326,0.9293999075889589,0.2132134566545486
5.170077339354445e-05,0.01,0.0011402198217290577,10000.0,5.0,2001.0,13811.277420043945,0.0,0.9335000514984132,0.2131873213052749,0.9384000301361084,0.1894881399393081
3.132974520185465e-06,3.022131276304717e-06,0.0010736798945788634,10000.0,6.0,2001.0,15770.079527378082,0.0,0.93149995803833,0.2207429198026657,0.9384000301361084,0.1894881399393081
1e-06,0.01,0.012732920094949236,10000.0,7.0,2001.0,18156.35460138321,0.0,0.9399999380111694,0.206863972067833,0.9495000243186952,0.1812943612575531
0.01,1e-06,0.011991949610070333,10000.0,8.0,2001.0,20142.919367074966,0.0,0.934499979019165,0.2477487090826035,0.9495000243186952,0.1812943612575531
1e-06,0.01,0.0070603617285264165,10000.0,9.0,2001.0,22145.48955130577,0.0,0.937999963760376,0.2170832335948944,0.9495000243186952,0.1812943612575531
0.008765556455636382,0.0010089404330709364,0.08603270237828373,10000.0,10.0,2001.0,23862.837982177734,0.0,0.9499999284744264,0.1841945639848709,0.9479999542236328,0.1888411842823029
1.9757299110886766e-05,0.0009661583313373156,0.0007163996219804208,10000.0,11.0,2001.0,25815.293665885925,0.0,0.9289999008178712,0.2212790011167525,0.9479999542236328,0.1888411842823029
1.7547413041177135e-06,7.91075667332751e-06,0.0005043796336040412,10000.0,0.0,2001.0,1967.959988117218,1.0,0.9199999570846558,0.2497418526411056,0.9222000241279602,0.2377409203052521
0.0034424767798646888,0.01,0.06409990349943775,10000.0,1.0,2001.0,6231.587735176086,1.0,0.9489999413490297,0.1699025120735168,0.9509999752044678,0.1659896779775619
0.00846340056570318,0.005512774888362328,0.0107420899738269,10000.0,2.0,2001.0,8199.399369478226,1.0,0.9334999322891236,0.2357913801670074,0.9509999752044678,0.1659896779775619
0.0006235494289308306,0.01,0.1,10000.0,3.0,2001.0,10155.132189035416,1.0,0.946999967098236,0.1880287202596664,0.9509999752044678,0.1659896779775619
0.01,0.00207805309617695,0.06604534182443568,10000.0,4.0,2001.0,12125.14091181755,1.0,0.9430000185966492,0.1962111936807632,0.9509999752044678,0.1659896779775619
0.0005876893637596886,0.01,0.045290856560592174,10000.0,5.0,2001.0,14046.318945884705,1.0,0.9445000290870668,0.182700648188591,0.9509999752044678,0.1659896779775619
1e-06,1e-06,0.1,10000.0,6.0,2001.0,16053.940443754196,1.0,0.921000063419342,0.4088909413814545,0.9509999752044678,0.1659896779775619
1e-06,0.004208174817239132,0.0001,10000.0,7.0,2001.0,18021.951532125473,1.0,0.800000011920929,0.8540363507270813,0.9509999752044678,0.1659896779775619
0.01,1e-06,0.00012355510571709672,10000.0,8.0,2001.0,19942.82226729393,1.0,0.8199999332427979,0.7110106434822083,0.9509999752044678,0.1659896779775619
0.0012985181499632114,0.0015409677516731847,0.1,10000.0,9.0,2001.0,21952.304210424423,1.0,0.946999967098236,0.1803867164850235,0.9509999752044678,0.1659896779775619
5.767637806617102e-06,5.327241627174797e-05,0.01693284173611674,10000.0,10.0,2001.0,24013.705134391785,1.0,0.9395000338554382,0.2747109422683715,0.9509999752044678,0.1659896779775619
1e-06,1e-06,0.0001,10000.0,11.0,2001.0,26013.50329375267,1.0,0.8004999756813049,0.8523373646736147,0.9509999752044678,0.1659896779775619
0.004679965619116805,2.4415231675522605e-06,0.01337376014945696,10000.0,0.0,2001.0,2033.3426942825317,2.0,0.9395000338554382,0.2352459293603897,0.9459999799728394,0.2120827906250953
1e-06,0.008424264162555345,0.0001,10000.0,1.0,2001.0,5948.710174322128,2.0,0.7990000247955322,0.852154342651367,0.9459999799728394,0.2120827906250953
0.00805626529275915,1.1132934987825258e-06,0.08001228720889765,10000.0,2.0,2001.0,8282.003245592117,2.0,0.9430000185966492,0.2270780537128449,0.9483000636100768,0.2053317012310028
0.01,0.00018871901508072723,0.1,10000.0,3.0,2001.0,9868.629293680191,2.0,0.9455000162124634,0.2011600052118301,0.948699951171875,0.1974959863901139
0.01,0.01,0.0001,10000.0,4.0,2001.0,11855.348328828812,2.0,0.7979999780654907,0.8550991525650024,0.948699951171875,0.1974959863901139
1e-06,0.01,0.04109040084490502,10000.0,5.0,2001.0,14301.700335264206,2.0,0.9415000081062316,0.1967547582387924,0.9506000876426696,0.1781490297317505
0.01,0.01,0.04126384058049596,10000.0,6.0,2001.0,16289.762593984604,2.0,0.9390000104904176,0.204796195268631,0.9506000876426696,0.1781490297317505
1e-06,0.01,0.1,10000.0,7.0,2001.0,18291.86085009575,2.0,0.928999960422516,0.2363026027679443,0.9506000876426696,0.1781490297317505
0.01,0.01,0.03763922046507904,10000.0,8.0,2001.0,20248.675178527832,2.0,0.9399999976158142,0.1972566705942153,0.9506000876426696,0.1781490297317505
0.01,0.00017320668666593366,0.038293957872137116,10000.0,9.0,2001.0,22239.67855668068,2.0,0.9425000548362732,0.2175844259262085,0.9506000876426696,0.1781490297317505
1e-06,1e-06,0.03801904345331531,10000.0,10.0,2001.0,24199.62865138054,2.0,0.9345000386238098,0.325373064160347,0.9506000876426696,0.1781490297317505
1e-06,0.01,0.009679303311258335,10000.0,11.0,2001.0,26379.588149547577,2.0,0.9365000128746032,0.2109179918766022,0.9506000876426696,0.1781490297317505
1.3690924723771312e-06,1.4026874356562238e-05,0.020832665132000876,10000.0,0.0,2001.0,2018.297087430954,3.0,0.9465000629425048,0.249594290971756,0.9508000016212464,0.2398659247875213
0.0043704217449580165,0.01,0.0001,10000.0,1.0,2001.0,6174.177397012711,3.0,0.8005000352859497,0.8459511904716491,0.9508000016212464,0.2398659247875213
1.0588704378755872e-06,1.2388094911350733e-06,0.01229137432561365,10000.0,2.0,2001.0,8248.324189186096,3.0,0.9430000185966492,0.2379790921211243,0.9478999972343444,0.2447929422855378
1e-06,0.0014568041732568988,0.0006361679743039323,10000.0,3.0,2001.0,10182.014808177948,3.0,0.9234999418258668,0.2344288365840912,0.930400013923645,0.2135949805736542
3.6785937659475194e-06,1e-06,0.0001,10000.0,4.0,2001.0,12344.024981975555,3.0,0.7994999885559082,0.8502630419731141,0.930400013923645,0.2135949805736542
1e-06,0.01,0.05040256922976131,10000.0,5.0,2001.0,14439.729088783264,3.0,0.9375,0.1971091414690017,0.9513999819755554,0.1723671326875687
1.1072946658203597e-06,0.01,0.1,10000.0,6.0,2001.0,16675.388979673386,3.0,0.9300000071525574,0.2345782295465469,0.9513999819755554,0.1723671326875687
1e-06,0.01,0.008019021420835645,10000.0,7.0,2001.0,18944.841801404953,3.0,0.9390000104904176,0.2092046033143997,0.9513999819755554,0.1723671326875687
0.00014779388165080552,1.473903937767766e-05,0.008214694677303104,10000.0,8.0,2001.0,20868.546142339706,3.0,0.9425000548362732,0.2435555779933929,0.9513999819755554,0.1723671326875687
4.3558947279543244e-05,1e-06,0.05542240626415171,10000.0,9.0,2001.0,22810.0507209301,3.0,0.9350000023841858,0.3650937857627868,0.9513999819755554,0.1723671326875687
1e-06,6.052080692690845e-06,0.1,10000.0,10.0,2001.0,24766.702813386917,3.0,0.9290000200271606,0.3910627207756042,0.9513999819755554,0.1723671326875687
1e-06,0.0006161780260291567,0.001663638820031436,10000.0,11.0,2001.0,26846.920444965363,3.0,0.9320000410079956,0.2367771849632263,0.9513999819755554,0.1723671326875687
8.099114510269596e-05,0.0008445374360730293,0.0001488233620888951,10000.0,0.0,2001.0,2012.4256615638733,4.0,0.8359999656677246,0.6140836715698241,0.854400098323822,0.595674737262726
0.01,1e-06,0.1,10000.0,1.0,2001.0,6074.376663446426,4.0,0.9419999718666076,0.2084108551740646,0.948599934577942,0.1990302928209305
0.01,1.323520894477032e-05,0.1,10000.0,2.0,2001.0,8041.501841068268,4.0,0.9455000162124634,0.2255757112503051,0.948599934577942,0.1990302928209305
0.0019840020868925837,1e-06,0.1,10000.0,3.0,2001.0,10035.353158712387,4.0,0.9480000138282776,0.245855030298233,0.948599934577942,0.1990302928209305
0.01,1e-06,0.019868810418871678,10000.0,4.0,2001.0,11954.702082395554,4.0,0.9395000338554382,0.2176758307218551,0.948599934577942,0.1990302928209305
1e-06,1e-06,0.1,10000.0,5.0,2001.0,13962.323580265045,4.0,0.921000063419342,0.4088909413814545,0.948599934577942,0.1990302928209305
0.01,0.01,0.02751810883454767,10000.0,6.0,2001.0,16220.27929353714,4.0,0.94350004196167,0.1904519193172454,0.9435999989509584,0.1898222713947295
5.2606479064533944e-05,0.01,0.010076770519737512,10000.0,7.0,2001.0,18249.216361522675,4.0,0.9424999952316284,0.204828425168991,0.9435999989509584,0.1898222713947295
0.01,0.01,0.00746365083982628,10000.0,8.0,2001.0,20152.47696828842,4.0,0.9334999322891236,0.2358981883525849,0.9435999989509584,0.1898222713947295
0.0013949680577371836,0.01,0.021424673036393404,10000.0,9.0,2001.0,22116.966730833054,4.0,0.944999933242798,0.1955213046073913,0.9435999989509584,0.1898222713947295
0.01,0.01,0.031212666994930326,10000.0,10.0,2001.0,24093.604375362396,4.0,0.9430000185966492,0.2005509103536605,0.9435999989509584,0.1898222713947295
1e-06,1e-06,0.005389026087299887,10000.0,11.0,2001.0,26197.94317126274,4.0,0.9359999895095824,0.2441677660942078,0.9435999989509584,0.1898222713947295
0.00758947976208385,0.0006780776932355295,0.0023886297077207034,10000.0,0.0,3001.0,1937.0137965679169,0.0,0.9384999871253968,0.2226751573085784,0.9412000179290771,0.2033385659217834
1.1021585497520294e-06,1e-06,0.1,10000.0,1.0,3001.0,5939.261867284775,0.0,0.9304999709129332,0.3727729229927063,0.9412000179290771,0.2033385659217834
0.0026613196782592588,0.0014661920469433258,0.0006590522709357697,10000.0,2.0,3001.0,7905.605883836746,0.0,0.9255000352859496,0.2280369231700897,0.9412000179290771,0.2033385659217834
0.01,0.01,0.04306407613478555,10000.0,3.0,3001.0,9846.632250785828,0.0,0.9484999775886536,0.1664195727109909,0.9489999413490297,0.174392756986618
0.0003353824224952241,0.01,0.1,10000.0,4.0,3001.0,11828.641858816147,0.0,0.9539999961853028,0.1671343303918838,0.9489999413490297,0.174392756986618
1e-06,0.01,0.03202644530142526,10000.0,5.0,3001.0,13810.40192580223,0.0,0.9540000557899476,0.1755941543579101,0.9489999413490297,0.174392756986618
0.01,0.01,0.1,10000.0,6.0,3001.0,15909.464899539948,0.0,0.9540000557899476,0.1579377770423889,0.9488999843597412,0.1651309026241303
0.01,0.0034247207930480695,0.1,10000.0,7.0,3001.0,18214.8006439209,0.0,0.9524999856948853,0.1652633752822876,0.9488999843597412,0.1651309026241303
0.01,0.01,0.1,10000.0,8.0,3001.0,20204.116493463516,0.0,0.9540000557899476,0.1579377770423889,0.9488999843597412,0.1651309026241303
0.01,0.01,0.1,10000.0,9.0,3001.0,22193.432343006134,0.0,0.9540000557899476,0.1579377770423889,0.9488999843597412,0.1651309026241303
0.01,0.01,0.1,10000.0,10.0,3001.0,24182.748192548752,0.0,0.9540000557899476,0.1579377770423889,0.9488999843597412,0.1651309026241303
1e-06,0.0022163581759289015,0.1,10000.0,11.0,3001.0,26245.323036670685,0.0,0.9350000619888306,0.2312581412792205,0.9488999843597412,0.1651309026241303
1.7547413041177135e-06,7.91075667332751e-06,0.0005043796336040412,10000.0,0.0,3001.0,2016.1410501003265,1.0,0.9174999594688416,0.2497678637504577,0.9185000061988832,0.2447457927227019
0.0034424767798646888,0.01,0.06409990349943775,10000.0,1.0,3001.0,5918.969663619995,1.0,0.9574999809265136,0.1536727851629257,0.9541000127792358,0.1572499228477478
0.008463400565624425,0.005512774888249399,0.010742089974026958,10000.0,2.0,3001.0,8011.241853713989,1.0,0.9394999742507936,0.2042407960891724,0.9541000127792358,0.1572499228477478
0.0004041084002253422,0.01,0.1,10000.0,3.0,3001.0,9956.122558832169,1.0,0.9490000605583192,0.1789831471443176,0.9541000127792358,0.1572499228477478
0.01,0.0027093939516151465,0.08016099627880066,10000.0,4.0,3001.0,11957.996342420578,1.0,0.9514999389648438,0.1691558661460876,0.9541000127792358,0.1572499228477478
0.000753461950800725,0.01,0.041076698323058186,10000.0,5.0,3001.0,13937.34936761856,1.0,0.9565000534057616,0.1566862133741378,0.9541000127792358,0.1572499228477478
0.01,0.01,0.04674973345928344,10000.0,6.0,3001.0,15921.171800136566,1.0,0.9500000476837158,0.1768609807491302,0.9541000127792358,0.1572499228477478
0.0018256294046281362,0.00022101852110066546,0.05778943477380951,10000.0,7.0,3001.0,17917.41656255722,1.0,0.9555000066757202,0.1763065400123596,0.9541000127792358,0.1572499228477478
0.001913464189898181,0.01,0.0617054142952804,10000.0,8.0,3001.0,19929.304749965668,1.0,0.9559999704360962,0.1536823005676269,0.9541000127792358,0.1572499228477478
0.0018528806936099942,0.01,0.05510606444973784,10000.0,9.0,3001.0,22113.09183740616,1.0,0.9535000324249268,0.1537028803825378,0.9541000127792358,0.1572499228477478
0.0002946950702940944,0.01,0.0077329239477502785,10000.0,10.0,3001.0,24039.271983861923,1.0,0.940000057220459,0.1895313173532486,0.9541000127792358,0.1572499228477478
0.002951032552963199,0.01,0.1,10000.0,11.0,3001.0,26227.860461235046,1.0,0.959500014781952,0.1517335457801819,0.9535999894142152,0.149015209197998
0.004679965619116805,2.4415231675522605e-06,0.01337376014945696,10000.0,0.0,3001.0,1957.4964716434479,2.0,0.9419999718666076,0.2227688839435577,0.9462000131607056,0.2122307502269745
1e-06,0.008424264162555345,0.0001,10000.0,1.0,3001.0,6060.743335008621,2.0,0.7999999523162842,0.8435874590873719,0.9462000131607056,0.2122307502269745
0.008056265290792708,1.1132934988913844e-06,0.08001228720026637,10000.0,2.0,3001.0,8006.258399009705,2.0,0.9455000162124634,0.2086788665056229,0.948300004005432,0.2023254199028015
0.01,0.00019434822990427813,0.1,10000.0,3.0,3001.0,9991.579173088074,2.0,0.9474999904632568,0.1876554276943207,0.9499000906944276,0.1943295352458954
0.01,0.01,0.0001,10000.0,4.0,3001.0,12005.776089191437,2.0,0.796500027179718,0.8461321172714233,0.9499000906944276,0.1943295352458954
1e-06,0.01,0.042790645934630486,10000.0,5.0,3001.0,14424.285644054413,2.0,0.9475000500679016,0.1852647111415863,0.9515000581741332,0.1638242019414902
0.01,0.01,0.042247805241727825,10000.0,6.0,3001.0,15901.314209222794,2.0,0.9440000653266908,0.1724563539028168,0.9465999603271484,0.1758408399820327
0.01,0.01,0.04542470273780592,10000.0,7.0,3001.0,18063.559431791306,2.0,0.94650000333786,0.1703677315711975,0.9478000998497008,0.172034205532074
0.01,0.01,0.05021809383477604,10000.0,8.0,3001.0,19930.828332662582,2.0,0.9439999461174012,0.1676468983888626,0.9498000144958496,0.1699280250072479
0.01,0.01,0.1,10000.0,9.0,3001.0,21974.38114309311,2.0,0.9540000557899476,0.1579377770423889,0.9488999843597412,0.1651309026241303
0.01,0.01,0.1,10000.0,10.0,3001.0,23963.696992635727,2.0,0.9540000557899476,0.1579377770423889,0.9488999843597412,0.1651309026241303
0.01,0.01,0.1,10000.0,11.0,3001.0,25953.012842178345,2.0,0.9540000557899476,0.1579377770423889,0.9488999843597412,0.1651309026241303
1.3690924723771312e-06,1.4026874356562238e-05,0.020832665132000876,10000.0,0.0,3001.0,2132.53315615654,3.0,0.949999988079071,0.2415982713699341,0.9524000287055968,0.2229428399562836
0.0043704217449580165,0.01,0.0001,10000.0,1.0,3001.0,6095.849968910217,3.0,0.7990000247955322,0.8437627444267272,0.9524000287055968,0.2229428399562836
1.0588704378756285e-06,1.238809491135096e-06,0.012291374325613513,10000.0,2.0,3001.0,7921.556275844574,3.0,0.9475000500679016,0.2363919918537139,0.951599895954132,0.2172875568866729
1e-06,0.004436418046703167,0.0007759755209092573,10000.0,3.0,3001.0,10119.84631729126,3.0,0.9320000410079956,0.2112129709720611,0.9312000274658204,0.2058260579109191
3.994626286079353e-06,1e-06,0.0001,10000.0,4.0,3001.0,12009.780541419983,3.0,0.796999990940094,0.8447488927841186,0.9312000274658204,0.2058260579109191
1e-06,0.005528036665121962,0.0038705509749252702,10000.0,5.0,3001.0,13748.25077009201,3.0,0.9419999122619628,0.1931010093688965,0.9466000199317932,0.188961171913147
1e-06,0.01,0.1,10000.0,6.0,3001.0,15735.696742296219,3.0,0.9389999508857728,0.2080034525394439,0.9466000199317932,0.188961171913147
0.00014507336979747518,1.4768316017220774e-05,0.008077570213449587,10000.0,7.0,3001.0,17799.636431217194,3.0,0.949999988079071,0.2222659935951233,0.9466000199317932,0.188961171913147
1.2024343402147262e-06,0.01,0.1,10000.0,8.0,3001.0,19943.839833259583,3.0,0.937000036239624,0.2176896433830261,0.9466000199317932,0.188961171913147
0.01,1e-06,0.0017830012592264545,10000.0,9.0,3001.0,21877.38040447235,3.0,0.9359999895095824,0.2148855233192443,0.9466000199317932,0.188961171913147
1e-06,0.01,0.0016692400256550898,10000.0,10.0,3001.0,23827.324060440063,3.0,0.9394999146461488,0.2053540301322936,0.9466000199317932,0.188961171913147
0.01,1e-06,0.1,10000.0,11.0,3001.0,25810.81073451042,3.0,0.9490000009536744,0.2041648914813995,0.9466000199317932,0.188961171913147
8.099114510269596e-05,0.0008445374360730293,0.0001488233620888951,10000.0,0.0,3001.0,1990.8865144252777,4.0,0.8395000696182251,0.5933684582710266,0.8486000299453735,0.5965394242286686
0.01,1e-06,0.1,10000.0,1.0,3001.0,6060.250433683395,4.0,0.9490000009536744,0.2041648914813995,0.9525999426841736,0.192286255121231
0.01,1.3235208944876181e-05,0.1,10000.0,2.0,3001.0,8052.832818984985,4.0,0.9495000243186952,0.1929304201602935,0.9474000334739684,0.1993640825748444
0.0021413308735155788,0.0011872275926134352,0.1,10000.0,3.0,3001.0,10684.931815624237,4.0,0.955500066280365,0.1466345975399017,0.9532000422477722,0.1643468559503555
1.5416140643508957e-05,0.0008223714700147138,0.1,10000.0,4.0,3001.0,12633.407645702362,4.0,0.9334999322891236,0.2467492620944976,0.9532000422477722,0.1643468559503555
0.0015361236151560233,0.01,0.02891390092344407,10000.0,5.0,3001.0,14592.410393476486,4.0,0.9524999260902404,0.1650969769954681,0.9532000422477722,0.1643468559503555
0.0012109377604114198,0.01,0.1,10000.0,6.0,3001.0,16681.597155570984,4.0,0.9564999938011168,0.1480791690349578,0.9532000422477722,0.1643468559503555
0.0005641345531537865,4.840410515388941e-06,0.06681001432378526,10000.0,7.0,3001.0,18641.95013666153,4.0,0.9475000500679016,0.2232678439617156,0.9532000422477722,0.1643468559503555
0.01,0.01,0.08451209969519217,10000.0,8.0,3001.0,20947.510059595108,4.0,0.94650000333786,0.1597228351831436,0.9532000422477722,0.1643468559503555
0.0017627680905476489,0.01,0.1,10000.0,9.0,3001.0,22904.345301389694,4.0,0.9519999623298644,0.1498734157085419,0.9532000422477722,0.1643468559503555
0.0018191232397866844,0.01,0.08429664081146053,10000.0,10.0,3001.0,24883.30654191971,4.0,0.956000030040741,0.1525355786085128,0.9532000422477722,0.1643468559503555
0.0018629948857764938,0.01,0.08323247167100778,10000.0,11.0,3001.0,26930.600118160248,4.0,0.9595000743865968,0.1467681703567505,0.9532000422477722,0.1643468559503555
0.00758947976208385,0.0006780776932355295,0.0023886297077207034,50000.0,0.0,1001.0,2164.0933163166046,0.0,0.9575999975204468,0.1304069704294204,0.9574999809265136,0.1242263011693954
1.1021585497520294e-06,1e-06,0.1,50000.0,1.0,1001.0,6264.640278577805,0.0,0.9651999473571776,0.1458199456453324,0.9574999809265136,0.1242263011693954
0.004216877971357428,0.0015332817560585342,0.0006316804686246607,50000.0,2.0,1001.0,8216.550228118896,0.0,0.9342000484466552,0.2042492888450622,0.9574999809265136,0.1242263011693954
0.009798492686923337,0.000480646793194284,0.004208475294251127,50000.0,3.0,1001.0,9929.851642131805,0.0,0.9610999822616576,0.1273186137557029,0.962000012397766,0.119005650305748
1.210530144714867e-06,6.411302104180528e-05,0.09996553144080995,50000.0,4.0,1001.0,11953.680684804916,0.0,0.9651999473571776,0.1365666841328144,0.962000012397766,0.119005650305748
0.0005911438066400003,0.0008592537810693031,0.00358683006701054,50000.0,5.0,1001.0,13881.428750753403,0.0,0.9647000432014464,0.1228675839126109,0.9625000357627868,0.1182038412809372
1e-06,0.01,0.0033614752289210462,50000.0,6.0,1001.0,16035.476651906967,0.0,0.9632999897003174,0.1205385475039481,0.9611000418663024,0.1179684479713439
1e-06,0.01,0.042123422185515604,50000.0,7.0,1001.0,17844.22243976593,0.0,0.9753000140190125,0.0840034867405891,0.9729999303817748,0.092981619811058
1e-06,0.01,0.027567645823922706,50000.0,8.0,1001.0,19806.96259021759,0.0,0.9736000895500184,0.0929133674025535,0.9729999303817748,0.092981619811058
1e-06,0.01,0.040514845209640736,50000.0,9.0,1001.0,21719.777507781982,0.0,0.9716999530792236,0.0939316027581691,0.9729999303817748,0.092981619811058
0.01,0.01,0.03772983596865166,50000.0,10.0,1001.0,23676.721457004547,0.0,0.9681000113487244,0.1095298931837081,0.9729999303817748,0.092981619811058
1e-06,2.5120710616886065e-06,0.02981164735452063,50000.0,11.0,1001.0,25783.2430768013,0.0,0.9721999764442444,0.1151954714387655,0.9729999303817748,0.092981619811058
1.7547413041177135e-06,7.91075667332751e-06,0.0005043796336040412,50000.0,0.0,1001.0,1907.8756663799286,1.0,0.9264000058174132,0.2293419923067092,0.9262999892234802,0.2296975227832794
0.0034424767798646888,0.01,0.06409990349943775,50000.0,1.0,1001.0,5995.785745859146,1.0,0.9727999567985536,0.0872720558524132,0.9712000489234924,0.0935666612267494
0.008463400565675148,0.0055127748883227155,0.01074208997389699,50000.0,2.0,1001.0,8064.970890760422,1.0,0.9640000462532043,0.1212659301161766,0.9712000489234924,0.0935666612267494
0.00017882621345139766,0.01,0.1,50000.0,3.0,1001.0,10009.456436157227,1.0,0.9704999327659608,0.0956698331356048,0.9712000489234924,0.0935666612267494
0.01,0.001290808214077444,0.1,50000.0,4.0,1001.0,12065.15741443634,1.0,0.9693000316619872,0.0981668296635151,0.9712000489234924,0.0935666612267494
1e-06,1e-06,0.1,50000.0,5.0,1001.0,14019.469832897186,1.0,0.9656000137329102,0.1447140511393547,0.9712000489234924,0.0935666612267494
0.01,0.01,0.05495423952264173,50000.0,6.0,1001.0,16134.350002765656,1.0,0.968500018119812,0.1029771001219749,0.9712000489234924,0.0935666612267494
0.0009273585339974797,1.731387430325333e-06,0.1,50000.0,7.0,1001.0,18243.619656562805,1.0,0.9704000353813172,0.1128392947793007,0.9712000489234924,0.0935666612267494
0.0013443325498312582,0.01,0.1,50000.0,8.0,1001.0,20512.47867155075,1.0,0.973300039768219,0.0822939526438713,0.9751999974250792,0.0889324334979057
0.0013464029225298089,0.01,0.1,50000.0,9.0,1001.0,22967.41305565834,1.0,0.973300039768219,0.0861749512851238,0.9751999974250792,0.0889324334979057
0.01,1e-06,0.0001,50000.0,10.0,1001.0,24938.340437412262,1.0,0.8029000163078308,0.8290246626853943,0.9751999974250792,0.0889324334979057
1e-06,0.01,0.005204431030833435,50000.0,11.0,1001.0,27016.967783927917,1.0,0.966200053691864,0.1165335230827331,0.9751999974250792,0.0889324334979057
0.004679965619116805,2.4415231675522605e-06,0.01337376014945696,50000.0,0.0,1001.0,1960.92551612854,2.0,0.9686000347137452,0.1214418457865715,0.9656000137329102,0.1232696014165878
1e-06,0.008424264162555345,0.0001,50000.0,1.0,1001.0,5909.005161762238,2.0,0.8040000200271606,0.8301126834869386,0.9656000137329102,0.1232696014165878
0.008056265285339146,1.113293499195046e-06,0.08001228717631098,50000.0,2.0,1001.0,7985.347744226456,2.0,0.9692999720573424,0.1060101244449615,0.9699999690055848,0.1028784747600555
0.01,0.0001940781689334264,0.1,50000.0,3.0,1001.0,9937.5806787014,2.0,0.9678000211715698,0.1061009863972663,0.9699999690055848,0.1028784747600555
0.01,1e-06,0.0001,50000.0,4.0,1001.0,11908.508060455322,2.0,0.8029000163078308,0.8290246626853943,0.9699999690055848,0.1028784747600555
1e-06,0.01,0.04259361850541748,50000.0,5.0,1001.0,14005.391634225845,2.0,0.9707000255584716,0.0943338766694068,0.9721999764442444,0.0965012500405312
0.01,0.01,0.03615015738334664,50000.0,6.0,1001.0,15982.46162390709,2.0,0.968000054359436,0.1062387570261955,0.9721999764442444,0.0965012500405312
1e-06,1e-06,0.0415187208964507,50000.0,7.0,1001.0,17939.3694896698,2.0,0.9704999327659608,0.1221688989639282,0.9721999764442444,0.0965012500405312
0.01,0.01,0.03987839019395044,50000.0,8.0,1001.0,20256.51662325859,2.0,0.9672000408172609,0.109754829454422,0.9721999764442444,0.0965012500405312
1e-06,0.01,0.1,50000.0,9.0,1001.0,22401.966351032257,2.0,0.9679999351501464,0.1048080249309539,0.9721999764442444,0.0965012500405312
1e-06,0.01,0.014441575466001885,50000.0,10.0,1001.0,24360.919664144516,2.0,0.9711000323295592,0.098721829879284,0.9721999764442444,0.0965012500405312
1e-06,0.01,0.00614331574289595,50000.0,11.0,1001.0,26418.254462242126,2.0,0.9678000807762146,0.1096936658740043,0.9721999764442444,0.0965012500405312
1.3690924723771312e-06,1.4026874356562238e-05,0.020832665132000876,50000.0,0.0,1001.0,2489.444538116455,3.0,0.9704999923706056,0.1201832725584506,0.972000002861023,0.1142113571643829
0.0043704217449580165,0.01,0.0001,50000.0,1.0,1001.0,6370.52147269249,3.0,0.8026999831199646,0.8224288811683658,0.972000002861023,0.1142113571643829
1.058870437875726e-06,1.2388094911350885e-06,0.012291374325613549,50000.0,2.0,1001.0,8386.943892478943,3.0,0.9696999788284302,0.1225305481314659,0.972000002861023,0.1142113571643829
1e-06,0.01,0.0009903057457368307,50000.0,3.0,1001.0,10318.479652404785,3.0,0.9457000494003296,0.1641240271806717,0.972000002861023,0.1142113571643829
6.435805986754997e-06,1e-06,0.00035262440114063715,50000.0,4.0,1001.0,12317.81903553009,3.0,0.9104999899864196,0.2911470416545868,0.972000002861023,0.1142113571643829
1e-06,0.01,0.1,50000.0,5.0,1001.0,13938.597691297531,3.0,0.9679999351501464,0.1048080249309539,0.9684000015258788,0.1082611144781112
1e-06,1e-06,0.1,50000.0,6.0,1001.0,15892.910109758377,3.0,0.9656000137329102,0.1447140511393547,0.9684000015258788,0.1082611144781112
1e-06,0.01,0.028880400854142976,50000.0,7.0,1001.0,18144.957185983658,3.0,0.9728999733924866,0.0909323692083358,0.9743000268936156,0.0902203576922416
5.6029533063518916e-06,0.01,0.1,50000.0,8.0,1001.0,20117.10830950737,3.0,0.968000054359436,0.1022090404629707,0.9743000268936156,0.0902203576922416
2.0646712138306145e-06,0.01,0.030929533296125338,50000.0,9.0,1001.0,22059.210935354233,3.0,0.9737000465393066,0.0855912451744079,0.9733999967575072,0.0910092180013656
2.1432936768915846e-06,0.01,0.02910664805720241,50000.0,10.0,1001.0,23969.161681890488,3.0,0.9720999598503112,0.0918250876843928,0.9733999967575072,0.0910092180013656
2.0407322523529594e-06,0.01,0.03030670723458902,50000.0,11.0,1001.0,25894.81402349472,3.0,0.9743000268936156,0.086348803949356,0.9733999967575072,0.0910092180013656
8.099114510269596e-05,0.0008445374360730293,0.0001488233620888951,50000.0,0.0,1001.0,1977.506207704544,4.0,0.8446999788284302,0.5869590227127078,0.8458999395370483,0.5999329058647157
0.01,1e-06,0.1,50000.0,1.0,1001.0,5757.878024339676,4.0,0.9692999720573424,0.1044198765337466,0.9697999358177184,0.0981076974511147
0.01,1.3235208944714805e-05,0.1,50000.0,2.0,1001.0,7902.735146999359,4.0,0.9686000347137452,0.1044436019659042,0.9697999358177184,0.0981076974511147
0.0019502407597219806,3.463530423156379e-06,0.1,50000.0,3.0,1001.0,9853.229027986526,4.0,0.97079998254776,0.104926392430067,0.9697999358177184,0.0981076974511147
0.01,2.027698867728685e-06,0.02081201244130532,50000.0,4.0,1001.0,11890.935353517532,4.0,0.9650000333786012,0.1235918498396873,0.9697999358177184,0.0981076974511147
1e-06,0.01,0.06272456267037885,50000.0,5.0,1001.0,14147.536809682846,4.0,0.9700999855995178,0.093958680987358,0.9708999395370485,0.0919939457297324
1e-06,1e-06,0.05385763130030289,50000.0,6.0,1001.0,16143.578830003738,4.0,0.9706999659538268,0.1179446906387806,0.9708999395370485,0.0919939457297324
0.01,0.01,0.05494331787800314,50000.0,7.0,1001.0,18309.61368083954,4.0,0.966399908065796,0.1040773542523383,0.9708999395370485,0.0919939457297324
1e-06,0.01,0.1,50000.0,8.0,1001.0,20455.063408613205,4.0,0.9679999351501464,0.1048080249309539,0.9708999395370485,0.0919939457297324
0.01,0.01,0.06780232154696154,50000.0,9.0,1001.0,22518.315422534943,4.0,0.9689000844955444,0.1015565394580364,0.9708999395370485,0.0919939457297324
1e-06,0.01,0.03555514784872966,50000.0,10.0,1001.0,24322.584866523743,4.0,0.9721999764442444,0.0911212650418281,0.9728999733924866,0.0929955997228622
9.765372089384397e-06,0.01,0.042317488522891855,50000.0,11.0,1001.0,26306.32959151268,4.0,0.9737999439239502,0.0887555204510688,0.9724999666213988,0.0952159586310386
0.00758947976208385,0.0006780776932355295,0.0023886297077207034,50000.0,0.0,2001.0,2166.884247779846,0.0,0.9595999717712402,0.1258667594492434,0.9597999453544616,0.124058847618103
1.1021585497520294e-06,1e-06,0.1,50000.0,1.0,2001.0,5966.372824668884,0.0,0.9663000106811525,0.1414271323371679,0.9597999453544616,0.124058847618103
0.0033361864880491667,0.0014902518063792738,0.0006422510093559286,50000.0,2.0,2001.0,7965.572086572647,0.0,0.936199963092804,0.1949392492294311,0.9597999453544616,0.124058847618103
0.01,0.00048800036261022585,0.004161090199537406,50000.0,3.0,2001.0,9702.791126966476,0.0,0.9634999632835388,0.1201988136664033,0.961199939250946,0.1210715461969376
0.01,6.106146409832474e-05,0.0029937888871757307,50000.0,4.0,2001.0,11794.122433900833,0.0,0.9623000025749208,0.1219079268813133,0.961199939250946,0.1210715461969376
0.00046473827484501434,0.0004311740187290425,0.0039593444603556694,50000.0,5.0,2001.0,13710.364641427994,0.0,0.9645000100135804,0.1185043348230421,0.9623000621795654,0.1173607145905494
1e-06,0.01,0.003510196991233619,50000.0,6.0,2001.0,15872.16576051712,0.0,0.9639000296592712,0.1162730626866221,0.963100016117096,0.1147852725744247
1e-06,0.01,0.02058176287437437,50000.0,7.0,2001.0,18007.225377321243,0.0,0.9713000059127808,0.0914944975271821,0.9717000126838684,0.0959704653859138
0.01,1e-06,0.021601945170259,50000.0,8.0,2001.0,20258.32793569565,0.0,0.9658000469207764,0.1226594691306353,0.9717000126838684,0.0959704653859138
1e-06,0.01,0.014066783106180812,50000.0,9.0,2001.0,22214.290968179703,0.0,0.9696999788284302,0.0993504641912877,0.9717000126838684,0.0959704653859138
1e-06,0.01,0.02874967142901449,50000.0,10.0,2001.0,24448.688845157623,0.0,0.9724999666213988,0.093061899010092,0.9717000126838684,0.0959704653859138
1e-06,1e-06,0.0001,50000.0,11.0,2001.0,26411.926696300507,0.0,0.8116000890731812,0.8370856969833376,0.9717000126838684,0.0959704653859138
1.7547413041177135e-06,7.91075667332751e-06,0.0005043796336040412,50000.0,0.0,2001.0,1940.22536110878,1.0,0.92739999294281,0.2264486756324768,0.9239000082015992,0.2291080540180206
0.0034424767798646888,0.01,0.06409990349943775,50000.0,1.0,2001.0,5889.2955577373505,1.0,0.9728999733924866,0.0915285656198859,0.9725000858306884,0.0893133585929871
0.008463400565673183,0.005512774888320517,0.010742089973902275,50000.0,2.0,2001.0,7859.612945556641,1.0,0.9650000929832458,0.1151217443548143,0.9725000858306884,0.0893133585929871
0.00010949275584398786,0.01,0.1,50000.0,3.0,2001.0,9819.714030504227,1.0,0.9688999652862548,0.106106277243793,0.9725000858306884,0.0893133585929871
0.01,1e-06,0.1,50000.0,4.0,2001.0,11891.397802829742,1.0,0.97079998254776,0.1048042184457183,0.9725000858306884,0.0893133585929871
0.01,0.01,0.1,50000.0,5.0,2001.0,13883.16921210289,1.0,0.9697999954223632,0.0969217899233102,0.9725000858306884,0.0893133585929871
0.01,0.01,0.04346105339738337,50000.0,6.0,2001.0,15915.052916049957,1.0,0.9686999917030334,0.0999409109830856,0.9725000858306884,0.0893133585929871
0.0016058544176493585,0.01,0.1,50000.0,7.0,2001.0,17891.950109243393,1.0,0.9733000993728638,0.086000156313926,0.9754000306129456,0.0870336494684219
0.0014189939787559976,0.01,0.1,50000.0,8.0,2001.0,20323.81322336197,1.0,0.9718999862670898,0.0888087532192468,0.9754000306129456,0.0870336494684219
0.0006618990200102916,1e-06,0.1,50000.0,9.0,2001.0,22444.644876003265,1.0,0.9703000783920288,0.1227233525812625,0.9754000306129456,0.0870336494684219
0.0015164747642713865,0.01,0.1,50000.0,10.0,2001.0,24461.573612213135,1.0,0.9732999801635742,0.0869835626751184,0.9754000306129456,0.0870336494684219
0.01,1e-06,0.0001,50000.0,11.0,2001.0,26419.212085962296,1.0,0.8123999834060669,0.8391884067535403,0.9754000306129456,0.0870336494684219
0.004679965619116805,2.4415231675522605e-06,0.01337376014945696,50000.0,0.0,2001.0,1884.3342835903168,2.0,0.9670000672340392,0.120750372724235,0.9670000672340392,0.1184169876813888
1e-06,0.008424264162555345,0.0001,50000.0,1.0,2001.0,5981.100571393967,2.0,0.8109999299049377,0.8434574802398681,0.9670000672340392,0.1184169876813888
0.008056265293945432,1.1132934987175776e-06,0.08001228721402796,50000.0,2.0,2001.0,8202.88547706604,2.0,0.9705000519752502,0.1024710626393557,0.9681000113487244,0.1037404449343681
0.01,0.0001956566742682175,0.1,50000.0,3.0,2001.0,10308.803003311157,2.0,0.9702000021934508,0.097735686981678,0.9677000641822816,0.1013960868835449
0.01,0.01,0.0001,50000.0,4.0,2001.0,12529.362185955048,2.0,0.8130999803543091,0.8385561529159544,0.9677000641822816,0.1013960868835449
1e-06,0.01,0.04091345913918424,50000.0,5.0,2001.0,14590.22210764885,2.0,0.9714999794960022,0.0939170148640871,0.9729000329971312,0.0947250886917114
0.01,0.01,0.03886975358989623,50000.0,6.0,2001.0,16602.623249292374,2.0,0.9659000039100648,0.102768815511465,0.9729000329971312,0.0947250886917114
1e-06,1e-06,0.04294974420037249,50000.0,7.0,2001.0,18645.47988677025,2.0,0.9693000316619872,0.1285575983883813,0.9729000329971312,0.0947250886917114
0.01,0.01,0.1,50000.0,8.0,2001.0,20637.251296043396,2.0,0.9697999954223632,0.0969217899233102,0.9729000329971312,0.0947250886917114
0.01,0.01,0.1,50000.0,9.0,2001.0,22629.022705316544,2.0,0.9697999954223632,0.0969217899233102,0.9729000329971312,0.0947250886917114
1e-06,0.01,0.1,50000.0,10.0,2001.0,24605.001881361008,2.0,0.9690000414848328,0.1024906618833541,0.9729000329971312,0.0947250886917114
0.01,0.01,0.013491487499600009,50000.0,11.0,2001.0,26531.12285065651,2.0,0.9645000100135804,0.1153101749762893,0.9729000329971312,0.0947250886917114
1.3690924723771312e-06,1.4026874356562238e-05,0.020832665132000876,50000.0,0.0,2001.0,1951.5247628688812,3.0,0.9728999733924866,0.1163805393144488,0.9732999801635742,0.1144441564202309
0.0043704217449580165,0.01,0.0001,50000.0,1.0,2001.0,5883.388229131699,3.0,0.8119999766349792,0.8328619028091432,0.9732999801635742,0.1144441564202309
1.0588704378756762e-06,1.238809491135096e-06,0.012291374325613462,50000.0,2.0,2001.0,7874.6368725299835,3.0,0.971400022506714,0.1220943519376218,0.9732999801635742,0.1144441564202309
1e-06,0.01,0.0010623760597813026,50000.0,3.0,2001.0,9815.267463207245,3.0,0.9500000476837158,0.1551671675741672,0.9732999801635742,0.1144441564202309
6.527556878635395e-06,1e-06,0.0003067218388109922,50000.0,4.0,2001.0,11722.651232481003,3.0,0.9045000076293944,0.3224637702465058,0.9732999801635742,0.1144441564202309
1e-06,0.01,0.1,50000.0,5.0,2001.0,13963.916152715683,3.0,0.9690000414848328,0.1024906618833541,0.9695000052452089,0.1090843019008636
1e-06,1e-06,0.1,50000.0,6.0,2001.0,15984.934574842453,3.0,0.965399980545044,0.1501440034389495,0.9695000052452089,0.1090843019008636
1e-06,0.01,0.0221888833866998,50000.0,7.0,2001.0,18081.62865948677,3.0,0.9735000133514404,0.0961168449133634,0.9725000262260436,0.096808203279972
1e-06,0.01,0.022731567090110944,50000.0,8.0,2001.0,19993.35587978363,3.0,0.9716999530792236,0.0957621451176703,0.972000002861023,0.0973267011404037
1e-06,0.01,0.02333963279535917,50000.0,9.0,2001.0,22020.37373638153,3.0,0.9708998799324036,0.0940352606862783,0.972100019454956,0.0924136983156204
4.256385346070317e-06,0.01,0.1,50000.0,10.0,2001.0,24112.68921494484,3.0,0.9693999886512756,0.102619922453165,0.972100019454956,0.0924136983156204
5.647660106253721e-05,0.01,0.1,50000.0,11.0,2001.0,26055.50752735138,3.0,0.9670999646186828,0.1088201879501342,0.972100019454956,0.0924136983156204
8.099114510269596e-05,0.0008445374360730293,0.0001488233620888951,50000.0,0.0,2001.0,1852.596474647522,4.0,0.8520000576972961,0.5854084071159361,0.853399932384491,0.6004083582878111
0.01,1e-06,0.1,50000.0,1.0,2001.0,6231.002593040466,4.0,0.97079998254776,0.1048042184457183,0.9688999652862548,0.099535488474369
0.01,1.3235208944725713e-05,0.1,50000.0,2.0,2001.0,8305.198493480682,4.0,0.969700038433075,0.1034652032703161,0.9695999622344972,0.1011280119538307
0.0019478619559307436,6.691078278342359e-06,0.1,50000.0,3.0,2001.0,10287.973511457443,4.0,0.974500060081482,0.1037740634806453,0.9695999622344972,0.1011280119538307
0.007913222419471549,5.105956375231695e-06,0.02085664813409832,50000.0,4.0,2001.0,12251.786116838455,4.0,0.9665000438690186,0.1188192744120956,0.9695999622344972,0.1011280119538307
1e-06,1e-06,0.04771856126448699,50000.0,5.0,2001.0,14201.480351448059,4.0,0.9682999849319458,0.1276816827267408,0.9695999622344972,0.1011280119538307
0.01,0.01,0.051671828908113775,50000.0,6.0,2001.0,16111.166261672974,4.0,0.9678999781608582,0.1021307306379079,0.968299925327301,0.0983161044120788
0.01,1e-06,0.05361744381982592,50000.0,7.0,2001.0,18173.39954304695,4.0,0.9672000408172609,0.1128621444948017,0.968299925327301,0.0983161044120788
0.01,0.01,0.1,50000.0,8.0,2001.0,20241.915783405304,4.0,0.9697999954223632,0.0969217899233102,0.9692999124526978,0.0949985313653946
0.00430704030561866,0.01,0.1,50000.0,9.0,2001.0,22516.283230543137,4.0,0.9725000262260436,0.0878023623250425,0.9739999771118164,0.0844647322058677
1e-06,0.01,0.009178375395701469,50000.0,10.0,2001.0,24616.734644651413,4.0,0.9677000045776368,0.1040647666983306,0.9739999771118164,0.0844647322058677
0.01,0.01,0.0047489525556422135,50000.0,11.0,2001.0,26732.105522871017,4.0,0.9653000831604004,0.1160518631264567,0.9739999771118164,0.0844647322058677
0.00758947976208385,0.0006780776932355295,0.0023886297077207034,50000.0,0.0,3001.0,2333.057718038559,0.0,0.9594999551773072,0.1209326631069183,0.9570000171661376,0.1256273754358291
1.1021585497520294e-06,1e-06,0.1,50000.0,1.0,3001.0,6268.18741440773,0.0,0.967699944972992,0.1428391218304633,0.9570000171661376,0.1256273754358291
0.0032567541084770604,0.0015061097384487675,0.0006453125030530792,50000.0,2.0,3001.0,8214.461255073547,0.0,0.9370999336242676,0.1872955494880676,0.9570000171661376,0.1256273754358291
0.01,0.0004944397728490533,0.003998459204381271,50000.0,3.0,3001.0,9822.05100607872,0.0,0.9634000062942504,0.1190940068006515,0.9609999656677246,0.1227775458335876
1.1959122261875553e-06,0.00014134898639655373,0.09993606444177067,50000.0,4.0,3001.0,11757.135610103607,0.0,0.9675000309944152,0.1339862542718649,0.9609999656677246,0.1227775458335876
0.002094323992860418,1e-06,0.003282255784637868,50000.0,5.0,3001.0,13729.068065404892,0.0,0.9630999565124512,0.1217834393501281,0.9609999656677246,0.1227775458335876
0.00024034326882313748,0.01,0.0033215335177550222,50000.0,6.0,3001.0,15787.598076581955,0.0,0.9643000364303588,0.1124228148221969,0.9623000621795654,0.115532138133049
1e-06,0.01,0.0032183738752152202,50000.0,7.0,3001.0,17984.967087984085,0.0,0.9641000032424928,0.1132692623376846,0.9623000621795654,0.115532138133049
0.01,0.01,0.0402997808551576,50000.0,8.0,3001.0,20004.73122239113,0.0,0.968399941921234,0.0998258291363715,0.9674000144004822,0.105908683848381
1e-06,0.01,0.02822826230211434,50000.0,9.0,3001.0,22222.898048639297,0.0,0.9708999991416932,0.0964719555616378,0.9727999567985536,0.0920471971273422
0.01,1.132773603137025e-06,0.025025165387166405,50000.0,10.0,3001.0,24245.891911506653,0.0,0.9656000137329102,0.1198149148106575,0.9727999567985536,0.0920471971273422
1e-06,0.01,0.035472929731739836,50000.0,11.0,3001.0,26039.156770944595,0.0,0.9721999764442444,0.0921834658622741,0.973699986934662,0.0912137392520904
1.7547413041177135e-06,7.91075667332751e-06,0.0005043796336040412,50000.0,0.0,3001.0,1903.2155463695526,1.0,0.9322999715805054,0.2130616793632506,0.923799991607666,0.2356792035102844
0.0034424767798646888,0.01,0.06409990349943775,50000.0,1.0,3001.0,5826.9135892391205,1.0,0.974299967288971,0.0854451645374297,0.9726000428199768,0.0899100554704666
0.008463400565613495,0.005512774888237144,0.010742089974050455,50000.0,2.0,3001.0,7837.208793878555,1.0,0.9645000100135804,0.1153670677125454,0.9726000428199768,0.0899100554704666
0.00017314086026748177,0.01,0.1,50000.0,3.0,3001.0,9786.20149731636,1.0,0.9708999991416932,0.0956857871174812,0.9726000428199768,0.0899100554704666
0.01,0.01,0.1,50000.0,4.0,3001.0,11769.271157741547,1.0,0.9684000611305236,0.0951666462779045,0.9726000428199768,0.0899100554704666
0.01,0.0011145893914763054,0.05545364238591199,50000.0,5.0,3001.0,13727.207301139832,1.0,0.9670999646186828,0.1074835591673851,0.9726000428199768,0.0899100554704666
0.0013200209241644124,0.01,0.1,50000.0,6.0,3001.0,15456.139362335205,1.0,0.9751999974250792,0.0841308232992887,0.9735000133514404,0.0897567417502403
0.0013533089746508293,0.01,0.1,50000.0,7.0,3001.0,17634.064750432968,1.0,0.975499987602234,0.0833236762464046,0.9744000434875488,0.086554631781578
0.0010144809615444564,0.01,0.050371178927821385,50000.0,8.0,3001.0,19681.033827781677,1.0,0.9729999899864196,0.0862166409343481,0.9744000434875488,0.086554631781578
0.0013777421904532232,0.01,0.1,50000.0,9.0,3001.0,21632.263830661774,1.0,0.9729999303817748,0.0838672898948192,0.9744000434875488,0.086554631781578
0.00016110927818726927,1e-06,0.1,50000.0,10.0,3001.0,23896.140142917633,1.0,0.969499945640564,0.1276241819620133,0.9744000434875488,0.086554631781578
0.01,1e-06,0.0001,50000.0,11.0,3001.0,25877.715553045273,1.0,0.8113999962806702,0.8352667933464053,0.9744000434875488,0.086554631781578
0.004679965619116805,2.4415231675522605e-06,0.01337376014945696,50000.0,0.0,3001.0,2019.8504095077515,2.0,0.9690999984741212,0.1171052995443344,0.9678998589515686,0.1212814527392387
1e-06,0.008424264162555345,0.0001,50000.0,1.0,3001.0,5946.6777176856995,2.0,0.8102999925613403,0.8351800706863404,0.9678998589515686,0.1212814527392387
0.00805626529085918,1.113293498888734e-06,0.08001228720048663,50000.0,2.0,3001.0,7995.334803581238,2.0,0.9681000113487244,0.1090848225235939,0.9671000242233276,0.1052731856107711
0.01,0.0001878823753127067,0.1,50000.0,3.0,3001.0,9951.98050570488,2.0,0.9672000408172609,0.1092402637243271,0.9671000242233276,0.1052731856107711
0.01,1e-06,0.0001,50000.0,4.0,3001.0,11933.55591583252,2.0,0.8113999962806702,0.8352667933464053,0.9671000242233276,0.1052731856107711
1e-06,0.01,0.039711705284757336,50000.0,5.0,3001.0,13968.047526359558,2.0,0.972000002861023,0.0885943926274776,0.9737000465393066,0.0903809777855872
0.01,0.01,0.03386288573635311,50000.0,6.0,3001.0,16002.014146327972,2.0,0.9682999849319458,0.1037851409196853,0.9737000465393066,0.0903809777855872
1e-06,1e-06,0.03831015578645263,50000.0,7.0,3001.0,18429.538031101227,2.0,0.969700038433075,0.1222811860859394,0.9737000465393066,0.0903809777855872
0.01,0.01,0.0364017056031205,50000.0,8.0,3001.0,20306.63093805313,2.0,0.967699944972992,0.1027538033008575,0.9737000465393066,0.0903809777855872
1e-06,0.01,0.1,50000.0,9.0,3001.0,22291.46344590187,2.0,0.9693000316619872,0.0983943109720945,0.9737000465393066,0.0903809777855872
1e-06,0.01,0.011902022948476011,50000.0,10.0,3001.0,24293.09895515442,2.0,0.9692999720573424,0.1013442375659942,0.9737000465393066,0.0903809777855872
1e-06,0.01,0.1,50000.0,11.0,3001.0,26277.93146300316,2.0,0.9693000316619872,0.0983943109720945,0.9737000465393066,0.0903809777855872
1.3690924723771312e-06,1.4026874356562238e-05,0.020832665132000876,50000.0,0.0,3001.0,1954.2761311531067,3.0,0.9699000120162964,0.1213634004473686,0.9708999991416932,0.117367757025361
0.0043704217449580165,0.01,0.0001,50000.0,1.0,3001.0,5858.7640907764435,3.0,0.8098000288009644,0.8379611569404603,0.9708999991416932,0.117367757025361
1.0588704378758557e-06,1.2388094911351315e-06,0.012291374325613424,50000.0,2.0,3001.0,7931.460860490799,3.0,0.9700999855995178,0.1147719170451164,0.9684999585151672,0.1219264963746071
1e-06,0.004201540937934843,0.0007671452884736808,50000.0,3.0,3001.0,9893.296778202057,3.0,0.942200005054474,0.170501151227951,0.9684999585151672,0.1219264963746071
6.100986685087783e-06,1e-06,0.00021200586230556598,50000.0,4.0,3001.0,11864.572232961655,3.0,0.88319993019104,0.4223321080207826,0.9684999585151672,0.1219264963746071
1e-06,0.01,0.06769198338715504,50000.0,5.0,3001.0,13895.44639134407,3.0,0.970900058746338,0.0953914911821484,0.9718999862670898,0.0977176106333732
1e-06,1e-06,0.1,50000.0,6.0,3001.0,15932.3763525486,3.0,0.9672999382019044,0.1499880235910415,0.9718999862670898,0.0977176106333732
1e-06,0.01,0.01648401838565098,50000.0,7.0,3001.0,17933.618871212006,3.0,0.9697999358177184,0.094976402914524,0.9726999998092652,0.0966548841714859
1e-06,0.01,0.018244494205252152,50000.0,8.0,3001.0,20023.137141942978,3.0,0.9700000286102296,0.0961625081002712,0.9726999998092652,0.0966548841714859
1e-06,0.01,0.01927805857219718,50000.0,9.0,3001.0,21989.30097937584,3.0,0.9706999659538268,0.0966097009301186,0.9726999998092652,0.0966548841714859
1e-06,0.01,0.02105609458595869,50000.0,10.0,3001.0,24062.98506474495,3.0,0.9726999998092652,0.0945749785304069,0.9726999998092652,0.0965324992179871
1e-06,0.01,0.02554824882873815,50000.0,11.0,3001.0,26257.620367527008,3.0,0.9729000329971312,0.0902655283868312,0.9729999899864196,0.0943097788929939
8.099114510269596e-05,0.0008445374360730293,0.0001488233620888951,50000.0,0.0,3001.0,1895.812350988388,4.0,0.8538999557495117,0.5817032916545871,0.8500000238418579,0.6004324036598206
0.01,1e-06,0.1,50000.0,1.0,3001.0,6128.331830501556,4.0,0.9673999547958374,0.1073813060671091,0.9676000475883484,0.1068086916446686
0.01,1.3235208944735457e-05,0.1,50000.0,2.0,3001.0,8144.738134860992,4.0,0.9696999788284302,0.10924210267663,0.9676000475883484,0.1068086916446686
0.0019475953932833934,1.4068800928627734e-06,0.1,50000.0,3.0,3001.0,10059.049624443054,4.0,0.9725000262260436,0.1104848121464252,0.9676000475883484,0.1068086916446686
0.01,1e-06,0.02071457965981162,50000.0,4.0,3001.0,12058.822478294373,4.0,0.9677000045776368,0.113062906897068,0.9676000475883484,0.1068086916446686
1e-06,0.01,0.0450970704108234,50000.0,5.0,3001.0,13852.36304306984,4.0,0.9718999862670898,0.091501808911562,0.972599983215332,0.0942615952134132
1e-06,1e-06,0.044524465857660865,50000.0,6.0,3001.0,15912.492645978928,4.0,0.9722999930381776,0.1231861738195643,0.972599983215332,0.0942615952134132
0.01,0.01,0.04315648627005372,50000.0,7.0,3001.0,17900.562463998795,4.0,0.9685999751091005,0.1013637656927109,0.972599983215332,0.0942615952134132
1e-06,0.01,0.1,50000.0,8.0,3001.0,19885.394971847534,4.0,0.9693000316619872,0.0983943109720945,0.972599983215332,0.0942615952134132
0.00011604523465605304,0.01,0.05667814385904214,50000.0,9.0,3001.0,21809.934202194214,4.0,0.9746001362800598,0.0849616396009922,0.9722000360488892,0.0906552945971489
5.902834684636689e-05,0.01,0.05261547681598292,50000.0,10.0,3001.0,23934.26294183731,4.0,0.9706999659538268,0.0935848968833685,0.9722000360488892,0.0906552945971489
1e-06,0.01,0.01889477716336872,50000.0,11.0,3001.0,26038.75539135933,4.0,0.971100091934204,0.0975062241435051,0.9722000360488892,0.0906552945971489
